,name,wavelength,error,wavelength_uncertainty
0,blue,471,10,5.773502691896258
1,red,638,10,5.773502691896258
